{
    "summary": {
        "duration_seconds": 7.633333333333334,
        "cadence_rpm": 75.78947368421052,
        "cycle_consistency": 0.5015946792204062,
        "range_of_motion": {
            "hip_right": {
                "min": 52.48530687985718,
                "max": 156.54830680082495,
                "range": 104.06299992096777
            },
            "knee_right": {
                "min": 88.72550998145354,
                "max": 146.59609668793976,
                "range": 57.87058670648622
            },
            "ankle_right": {
                "min": 26.883541249450904,
                "max": 62.27243987219057,
                "range": 35.38889862273966
            },
            "hip_left": {
                "min": 5.110311494840623,
                "max": 24.82072656360269,
                "range": 19.710415068762067
            },
            "knee_left": {
                "min": 76.71761432283154,
                "max": 177.99338142021602,
                "range": 101.27576709738449
            },
            "ankle_left": {
                "min": 14.098507814474074,
                "max": 137.8401233877617,
                "range": 123.74161557328763
            }
        },
        "peak_angular_velocity": {
            "hip_right": 186.29478480146992,
            "knee_right": 229.05640186936316,
            "ankle_right": 116.8682882299112,
            "hip_left": 38.2558974932602,
            "knee_left": 162.2581002819018,
            "ankle_left": 198.08528738643625
        },
        "trajectory_smoothness": {
            "pelvis": 0.0015252846060320735,
            "hip_r": 0.0015285784611478448,
            "knee_r": 0.0032835204619914293,
            "ankle_r": 0.0032819597981870174,
            "foot_r": 0.0015271621523424983,
            "hip_l": 0.002657275879755616,
            "knee_l": 0.0014644890325143933,
            "ankle_l": 0.0020483671687543392,
            "foot_l": 0.0023463075049221516,
            "spine": 0.0022053865250200033
        }
    },
    "file_paths": {
        "joint_angles": "biomech_outputs_S_mountain_climb/joint_angles.csv",
        "range_of_motion": "biomech_outputs_S_mountain_climb/range_of_motion.csv",
        "angular_velocities": "biomech_outputs_S_mountain_climb/angular_velocities.csv",
        "trajectory_smoothness": "biomech_outputs_S_mountain_climb/trajectory_smoothness.csv",
        "pedaling_cycle": "biomech_outputs_S_mountain_climb/pedaling_cycle_data.json",
        "summary": "biomech_outputs_S_mountain_climb/summary_biomechanics.csv",
        "plots": {
            "joint_angles": "biomech_outputs_S_mountain_climb/joint_angles_plot.png",
            "angular_velocities": "biomech_outputs_S_mountain_climb/angular_velocities_plot.png",
            "pedaling_cycles": "biomech_outputs_S_mountain_climb/pedaling_cycles.png"
        }
    }
}