{
    "cycle_points": [
        27,
        59,
        115,
        125,
        158,
        181,
        195,
        208,
        217
    ],
    "cycle_durations": [
        1.0666666666666667,
        1.8666666666666667,
        0.3333333333333333,
        1.1,
        0.7666666666666667,
        0.4666666666666667,
        0.43333333333333335,
        0.3
    ],
    "cadence_rpm": 75.78947368421052,
    "cycle_consistency": 0.5015946792204062
}