{
  "ROM_comparison": {
    "hip_right": {
      "Video1": 50.271948096357704,
      "Video2": 51.126100340089764,
      "difference": 0.8541522437320594
    },
    "knee_right": {
      "Video1": 108.06132598912555,
      "Video2": 109.20820446948103,
      "difference": 1.1468784803554826
    },
    "ankle_right": {
      "Video1": 56.651020383501546,
      "Video2": 56.86120631033463,
      "difference": 0.21018592683308412
    },
    "hip_left": {
      "Video1": 23.193646562127313,
      "Video2": 23.465630024463216,
      "difference": 0.2719834623359034
    },
    "knee_left": {
      "Video1": 68.06634462796742,
      "Video2": 68.4260603542374,
      "difference": 0.3597157262699824
    },
    "ankle_left": {
      "Video1": 70.00981478035334,
      "Video2": 77.22087098946405,
      "difference": 7.211056209110708
    }
  },
  "peak_angular_velocity_comparison": {
    "hip_right": {
      "Video1": 154.3012248741651,
      "Video2": 172.71154831967192,
      "difference": 18.410323445506833
    },
    "knee_right": {
      "Video1": 287.4646146898264,
      "Video2": 293.79666555660015,
      "difference": 6.332050866773727
    },
    "ankle_right": {
      "Video1": 201.18425149323818,
      "Video2": 187.39807580287638,
      "difference": -13.786175690361802
    },
    "hip_left": {
      "Video1": 67.98913496721002,
      "Video2": 74.59953442232721,
      "difference": 6.610399455117189
    },
    "knee_left": {
      "Video1": 124.39967509755782,
      "Video2": 154.8630458850391,
      "difference": 30.46337078748128
    },
    "ankle_left": {
      "Video1": 270.1201888665256,
      "Video2": 359.50995647888203,
      "difference": 89.38976761235642
    }
  },
  "statistics": {
    "hip_right": {
      "t_stat": 0.08827960172765187,
      "p_value": 0.9296713172749063
    },
    "knee_right": {
      "t_stat": 0.08539341209010055,
      "p_value": 0.9319649418066558
    },
    "ankle_right": {
      "t_stat": -0.09406161334230759,
      "p_value": 0.9250781958966345
    },
    "hip_left": {
      "t_stat": -0.2094695997873166,
      "p_value": 0.8341223915925671
    },
    "knee_left": {
      "t_stat": 0.13495772257263627,
      "p_value": 0.8926712160597576
    },
    "ankle_left": {
      "t_stat": 0.1269988295998677,
      "p_value": 0.8989657051098648
    }
  }
}
