joint,t_stat,p_value
hip_right,0.08827960172765187,0.9296713172749063
knee_right,0.08539341209010055,0.9319649418066558
ankle_right,-0.09406161334230759,0.9250781958966345
hip_left,-0.2094695997873166,0.8341223915925671
knee_left,0.13495772257263627,0.8926712160597576
ankle_left,0.1269988295998677,0.8989657051098648
