{
    "summary": {
        "duration_seconds": 17.5,
        "cadence_rpm": 84.375,
        "cycle_consistency": 0.3478327964999673,
        "range_of_motion": {
            "hip_right": {
                "min": 75.88579372592763,
                "max": 126.15774182228533,
                "range": 50.271948096357704
            },
            "knee_right": {
                "min": 62.86939025203127,
                "max": 170.93071624115683,
                "range": 108.06132598912555
            },
            "ankle_right": {
                "min": 11.758063091820528,
                "max": 68.40908347532208,
                "range": 56.651020383501546
            },
            "hip_left": {
                "min": 11.775496191633922,
                "max": 34.96914275376123,
                "range": 23.193646562127313
            },
            "knee_left": {
                "min": 97.74261305660107,
                "max": 165.8089576845685,
                "range": 68.06634462796742
            },
            "ankle_left": {
                "min": 94.22100246758475,
                "max": 164.2308172479381,
                "range": 70.00981478035334
            }
        },
        "peak_angular_velocity": {
            "hip_right": 154.3012248741651,
            "knee_right": 287.4646146898264,
            "ankle_right": 201.18425149323818,
            "hip_left": 67.98913496721002,
            "knee_left": 124.39967509755782,
            "ankle_left": 270.1201888665256
        },
        "trajectory_smoothness": {
            "pelvis": 0.0032121683470904827,
            "hip_r": 0.003156716702505946,
            "knee_r": 0.004135451279580593,
            "ankle_r": 0.004060305655002594,
            "foot_r": 0.00328116025775671,
            "hip_l": 0.004672457929700613,
            "knee_l": 0.0031673756893724203,
            "ankle_l": 0.00326282880268991,
            "foot_l": 0.0034089703112840652,
            "spine": 0.003524264320731163
        }
    },
    "file_paths": {
        "joint_angles": "biomech_outputs_20250421_184649/joint_angles.csv",
        "range_of_motion": "biomech_outputs_20250421_184649/range_of_motion.csv",
        "angular_velocities": "biomech_outputs_20250421_184649/angular_velocities.csv",
        "trajectory_smoothness": "biomech_outputs_20250421_184649/trajectory_smoothness.csv",
        "pedaling_cycle": "biomech_outputs_20250421_184649/pedaling_cycle_data.json",
        "summary": "biomech_outputs_20250421_184649/summary_biomechanics.csv",
        "plots": {
            "joint_angles": "biomech_outputs_20250421_184649/joint_angles_plot.png",
            "angular_velocities": "biomech_outputs_20250421_184649/angular_velocities_plot.png",
            "pedaling_cycles": "biomech_outputs_20250421_184649/pedaling_cycles.png"
        }
    }
}