{
    "cycle_points": [
        8,
        20,
        34,
        46,
        59,
        91,
        132,
        166,
        185,
        215,
        234,
        250,
        289,
        300,
        340,
        365,
        403,
        420,
        427,
        449,
        464,
        478,
        491,
        506,
        520
    ],
    "cycle_durations": [
        0.4,
        0.4666666666666667,
        0.4,
        0.43333333333333335,
        1.0666666666666667,
        1.3666666666666667,
        1.1333333333333333,
        0.6333333333333333,
        1.0,
        0.6333333333333333,
        0.5333333333333333,
        1.3,
        0.36666666666666664,
        1.3333333333333333,
        0.8333333333333334,
        1.2666666666666666,
        0.5666666666666667,
        0.23333333333333334,
        0.7333333333333333,
        0.5,
        0.4666666666666667,
        0.43333333333333335,
        0.5,
        0.4666666666666667
    ],
    "cadence_rpm": 84.375,
    "cycle_consistency": 0.3478327964999673
}