{
    "cycle_points": [
        5,
        22,
        40,
        59,
        75,
        91,
        108,
        126,
        143,
        162,
        179,
        196,
        213
    ],
    "cycle_durations": [
        0.5666666666666667,
        0.6,
        0.6333333333333333,
        0.5333333333333333,
        0.5333333333333333,
        0.5666666666666667,
        0.6,
        0.5666666666666667,
        0.6333333333333333,
        0.5666666666666667,
        0.5666666666666667,
        0.5666666666666667
    ],
    "cadence_rpm": 103.84615384615388,
    "cycle_consistency": 0.03142696805273544
}