{
  "duration_seconds": 7.766666666666667,
  "cadence_rpm": 103.84615384615388,
  "cycle_consistency": 0.03142696805273544,
  "range_of_motion": {
    "hip_right": {
      "min": 55.895600138844465,
      "max": 132.62224274748726,
      "range": 76.7266426086428
    },
    "knee_right": {
      "min": 75.29939931589428,
      "max": 143.41092367105543,
      "range": 68.11152435516115
    },
    "ankle_right": {
      "min": 24.55279199560202,
      "max": 62.879674431327274,
      "range": 38.32688243572525
    },
    "hip_left": {
      "min": 12.963263071500375,
      "max": 27.941679863385193,
      "range": 14.978416791884818
    },
    "knee_left": {
      "min": 134.06499422513562,
      "max": 153.27061007128495,
      "range": 19.20561584614933
    },
    "ankle_left": {
      "min": 135.138797217594,
      "max": 153.03603816532635,
      "range": 17.897240947732342
    }
  },
  "peak_angular_velocity": {
    "hip_right": 310.72682907811316,
    "knee_right": 597.9850894514386,
    "ankle_right": 407.29337763894665,
    "hip_left": 57.439667204900566,
    "knee_left": 65.9928095298953,
    "ankle_left": 52.181139467537996
  },
  "trajectory_smoothness": {
    "pelvis": 0.0023330359254032373,
    "hip_r": 0.0021309766452759504,
    "knee_r": 0.008925746195018291,
    "ankle_r": 0.012169377878308296,
    "foot_r": 0.0024179809261113405,
    "hip_l": 0.0045399973168969154,
    "knee_l": 0.0018585213692858815,
    "ankle_l": 0.002126269740983844,
    "foot_l": 0.0023162837605923414,
    "spine": 0.005974598228931427
  }
}
