{
    "summary": {
        "duration_seconds": 11.9,
        "cadence_rpm": 88.34355828220859,
        "cycle_consistency": 0.267673879105817,
        "range_of_motion": {
            "hip_right": {
                "min": 121.6238909456839,
                "max": 147.05814847079174,
                "range": 25.43425752510784
            },
            "knee_right": {
                "min": 121.7058595777395,
                "max": 153.14383916254687,
                "range": 31.437979584807366
            },
            "ankle_right": {
                "min": 22.16494038277301,
                "max": 40.130035373714534,
                "range": 17.965094990941523
            },
            "hip_left": {
                "min": 15.19945702186002,
                "max": 32.04928684901534,
                "range": 16.849829827155318
            },
            "knee_left": {
                "min": 112.40746387401691,
                "max": 152.54270077863262,
                "range": 40.13523690461571
            },
            "ankle_left": {
                "min": 160.42955034874026,
                "max": 178.6118836302862,
                "range": 18.182333281545937
            }
        },
        "peak_angular_velocity": {
            "hip_right": 62.44197216858195,
            "knee_right": 111.6882641870785,
            "ankle_right": 50.306271984848806,
            "hip_left": 33.87017920930292,
            "knee_left": 77.42247467237574,
            "ankle_left": 75.76517337197997
        },
        "trajectory_smoothness": {
            "pelvis": 0.0036477793473750353,
            "hip_r": 0.0031521485652774572,
            "knee_r": 0.0027366201393306255,
            "ankle_r": 0.0032995929941534996,
            "foot_r": 0.0033634535502642393,
            "hip_l": 0.004429262597113848,
            "knee_l": 0.002854326507076621,
            "ankle_l": 0.002470951760187745,
            "foot_l": 0.0019270679913461208,
            "spine": 0.003392292419448495
        }
    },
    "file_paths": {
        "joint_angles": "biomech_outputs_S_robo_video/joint_angles.csv",
        "range_of_motion": "biomech_outputs_S_robo_video/range_of_motion.csv",
        "angular_velocities": "biomech_outputs_S_robo_video/angular_velocities.csv",
        "trajectory_smoothness": "biomech_outputs_S_robo_video/trajectory_smoothness.csv",
        "pedaling_cycle": "biomech_outputs_S_robo_video/pedaling_cycle_data.json",
        "summary": "biomech_outputs_S_robo_video/summary_biomechanics.csv",
        "plots": {
            "joint_angles": "biomech_outputs_S_robo_video/joint_angles_plot.png",
            "angular_velocities": "biomech_outputs_S_robo_video/angular_velocities_plot.png",
            "pedaling_cycles": "biomech_outputs_S_robo_video/pedaling_cycles.png"
        }
    }
}