{
    "cycle_points": [
        21,
        36,
        54,
        68,
        96,
        110,
        135,
        149,
        180,
        205,
        212,
        250,
        275,
        285,
        311,
        329,
        347
    ],
    "cycle_durations": [
        0.5,
        0.6,
        0.4666666666666667,
        0.9333333333333333,
        0.4666666666666667,
        0.8333333333333334,
        0.4666666666666667,
        1.0333333333333334,
        0.8333333333333334,
        0.23333333333333334,
        1.2666666666666666,
        0.8333333333333334,
        0.3333333333333333,
        0.8666666666666667,
        0.6,
        0.6
    ],
    "cadence_rpm": 88.34355828220859,
    "cycle_consistency": 0.267673879105817
}