{
    "cycle_points": [
        16,
        35,
        55,
        74,
        94,
        113,
        137,
        158,
        179
    ],
    "cycle_durations": [
        0.6333333333333333,
        0.6666666666666666,
        0.6333333333333333,
        0.6666666666666666,
        0.6333333333333333,
        0.8,
        0.7,
        0.7
    ],
    "cadence_rpm": 88.3435582822086,
    "cycle_consistency": 0.052539667553827066
}