{
    "summary": {
        "duration_seconds": 14.266666666666667,
        "cadence_rpm": 104.02010050251256,
        "cycle_consistency": 0.07577922586899345,
        "range_of_motion": {
            "hip_right": {
                "min": 31.026712537645547,
                "max": 75.07373708444874,
                "range": 44.047024546803186
            },
            "knee_right": {
                "min": 77.81535221980191,
                "max": 143.95952211393384,
                "range": 66.14416989413193
            },
            "ankle_right": {
                "min": 19.34227471251593,
                "max": 54.5724359169986,
                "range": 35.23016120448267
            },
            "hip_left": {
                "min": 25.55055231481164,
                "max": 33.871233444391805,
                "range": 8.320681129580166
            },
            "knee_left": {
                "min": 114.29957498759411,
                "max": 138.63176426743058,
                "range": 24.33218927983647
            },
            "ankle_left": {
                "min": 104.23295635943676,
                "max": 148.55654567549544,
                "range": 44.32358931605869
            }
        },
        "peak_angular_velocity": {
            "hip_right": 172.59918513573032,
            "knee_right": 381.78369420893017,
            "ankle_right": 146.26862963159155,
            "hip_left": 29.21725807262713,
            "knee_left": 68.07523787951492,
            "ankle_left": 96.21663259484846
        },
        "trajectory_smoothness": {
            "pelvis": 0.0029938253574073315,
            "hip_r": 0.0028327747713774443,
            "knee_r": 0.008016188628971577,
            "ankle_r": 0.011947217397391796,
            "foot_r": 0.0028900501783937216,
            "hip_l": 0.005253899376839399,
            "knee_l": 0.002589273266494274,
            "ankle_l": 0.0028525330126285553,
            "foot_l": 0.0030874349176883698,
            "spine": 0.002456629415974021
        }
    },
    "file_paths": {
        "joint_angles": "biomech_outputs_S_speeding_up/joint_angles.csv",
        "range_of_motion": "biomech_outputs_S_speeding_up/range_of_motion.csv",
        "angular_velocities": "biomech_outputs_S_speeding_up/angular_velocities.csv",
        "trajectory_smoothness": "biomech_outputs_S_speeding_up/trajectory_smoothness.csv",
        "pedaling_cycle": "biomech_outputs_S_speeding_up/pedaling_cycle_data.json",
        "summary": "biomech_outputs_S_speeding_up/summary_biomechanics.csv",
        "plots": {
            "joint_angles": "biomech_outputs_S_speeding_up/joint_angles_plot.png",
            "angular_velocities": "biomech_outputs_S_speeding_up/angular_velocities_plot.png",
            "pedaling_cycles": "biomech_outputs_S_speeding_up/pedaling_cycles.png"
        }
    }
}