{
    "cycle_points": [
        20,
        46,
        66,
        82,
        102,
        121,
        136,
        151,
        168,
        185,
        202,
        220,
        237,
        253,
        269,
        286,
        303,
        319,
        335,
        351,
        368,
        384,
        400,
        418
    ],
    "cycle_durations": [
        0.8666666666666667,
        0.6666666666666666,
        0.5333333333333333,
        0.6666666666666666,
        0.6333333333333333,
        0.5,
        0.5,
        0.5666666666666667,
        0.5666666666666667,
        0.5666666666666667,
        0.6,
        0.5666666666666667,
        0.5333333333333333,
        0.5333333333333333,
        0.5666666666666667,
        0.5666666666666667,
        0.5333333333333333,
        0.5333333333333333,
        0.5333333333333333,
        0.5666666666666667,
        0.5333333333333333,
        0.5333333333333333,
        0.6
    ],
    "cadence_rpm": 104.02010050251256,
    "cycle_consistency": 0.07577922586899345
}