{
    "cycle_points": [
        10,
        23,
        40,
        64,
        88,
        102
    ],
    "cycle_durations": [
        0.43333333333333335,
        0.5666666666666667,
        0.8,
        0.8,
        0.4666666666666667
    ],
    "cadence_rpm": 97.82608695652173,
    "cycle_consistency": 0.1586050300449376
}