{
    "duration_seconds": 3.8333333333333335,
    "cadence_rpm": 97.82608695652173,
    "cycle_consistency": 0.1586050300449376,
    "range_of_motion": {
        "hip_right": {
            "min": 45.91242486558051,
            "max": 111.58394985599107,
            "range": 65.67152499041055
        },
        "knee_right": {
            "min": 107.67179280172172,
            "max": 172.91245595225135,
            "range": 65.24066315052963
        },
        "ankle_right": {
            "min": 6.531393586894589,
            "max": 45.73422130949305,
            "range": 39.202827722598464
        },
        "hip_left": {
            "min": 4.381650729057128,
            "max": 17.1054122987049,
            "range": 12.72376156964777
        },
        "knee_left": {
            "min": 95.23370994443411,
            "max": 159.89459623323444,
            "range": 64.66088628880033
        },
        "ankle_left": {
            "min": 67.7139834068318,
            "max": 153.12260351647907,
            "range": 85.40862010964727
        }
    },
    "peak_angular_velocity": {
        "hip_right": 437.9292435109486,
        "knee_right": 666.4792634996713,
        "ankle_right": 449.4313250162095,
        "hip_left": 34.269371408684755,
        "knee_left": 143.72109464587365,
        "ankle_left": 123.53062695379755
    },
    "trajectory_smoothness": {
        "pelvis": 0.0033618682064116,
        "hip_r": 0.0031856310088187456,
        "knee_r": 0.00666837627068162,
        "ankle_r": 0.007278030272573233,
        "foot_r": 0.0027612997218966484,
        "hip_l": 0.005973931401968002,
        "knee_l": 0.002208568388596177,
        "ankle_l": 0.0021609109826385975,
        "foot_l": 0.002165696583688259,
        "spine": 0.0026081621181219816
    }
}