{
    "cycle_points": [
        4,
        72,
        92,
        99,
        128,
        158,
        188,
        205,
        221,
        239,
        263,
        283,
        299,
        314,
        366,
        381
    ],
    "cycle_durations": [
        2.2666666666666666,
        0.6666666666666666,
        0.23333333333333334,
        0.9666666666666667,
        1.0,
        1.0,
        0.5666666666666667,
        0.5333333333333333,
        0.6,
        0.8,
        0.6666666666666666,
        0.5333333333333333,
        0.5,
        1.7333333333333334,
        0.5
    ],
    "cadence_rpm": 71.61803713527851,
    "cycle_consistency": 0.5087190400686759
}