{
    "cycle_points": [
        8,
        20,
        34,
        46,
        59,
        91,
        131,
        151,
        167,
        186,
        215,
        236,
        249,
        289,
        300,
        342,
        366,
        404,
        418,
        429,
        449,
        464,
        478,
        491,
        506,
        518
    ],
    "cycle_durations": [
        0.4,
        0.4666666666666667,
        0.4,
        0.43333333333333335,
        1.0666666666666667,
        1.3333333333333333,
        0.6666666666666666,
        0.5333333333333333,
        0.6333333333333333,
        0.9666666666666667,
        0.7,
        0.43333333333333335,
        1.3333333333333333,
        0.36666666666666664,
        1.4,
        0.8,
        1.2666666666666666,
        0.4666666666666667,
        0.36666666666666664,
        0.6666666666666666,
        0.5,
        0.4666666666666667,
        0.43333333333333335,
        0.5,
        0.4
    ],
    "cadence_rpm": 88.23529411764706,
    "cycle_consistency": 0.3347967874530592
}