{
    "duration_seconds": 17.5,
    "cadence_rpm": 88.23529411764706,
    "cycle_consistency": 0.3347967874530592,
    "range_of_motion": {
        "hip_right": {
            "min": 75.13349000446189,
            "max": 126.25959034455165,
            "range": 51.126100340089764
        },
        "knee_right": {
            "min": 62.843124282943805,
            "max": 172.05132875242484,
            "range": 109.20820446948103
        },
        "ankle_right": {
            "min": 11.9423488914828,
            "max": 68.80355520181743,
            "range": 56.86120631033463
        },
        "hip_left": {
            "min": 11.77864315904385,
            "max": 35.24427318350707,
            "range": 23.465630024463216
        },
        "knee_left": {
            "min": 97.53677446414291,
            "max": 165.96283481838032,
            "range": 68.4260603542374
        },
        "ankle_left": {
            "min": 87.56751525096429,
            "max": 164.78838624042834,
            "range": 77.22087098946405
        }
    },
    "peak_angular_velocity": {
        "hip_right": 172.71154831967192,
        "knee_right": 293.79666555660015,
        "ankle_right": 187.39807580287638,
        "hip_left": 74.59953442232721,
        "knee_left": 154.8630458850391,
        "ankle_left": 359.50995647888203
    },
    "trajectory_smoothness": {
        "pelvis": 0.017720241099596024,
        "hip_r": 0.01729450561106205,
        "knee_r": 0.01752180978655815,
        "ankle_r": 0.015704210847616196,
        "foot_r": 0.01820620335638523,
        "hip_l": 0.021264012902975082,
        "knee_l": 0.017082083970308304,
        "ankle_l": 0.016434069722890854,
        "foot_l": 0.017360908910632133,
        "spine": 0.01750178262591362
    }
}