{
    "cycle_points": [
        2,
        27,
        41,
        66,
        79,
        101,
        138,
        176,
        222,
        238,
        248
    ],
    "cycle_durations": [
        0.8333333333333334,
        0.4666666666666667,
        0.8333333333333334,
        0.43333333333333335,
        0.7333333333333333,
        1.2333333333333334,
        1.2666666666666666,
        1.5333333333333334,
        0.5333333333333333,
        0.3333333333333333
    ],
    "cadence_rpm": 73.17073170731707,
    "cycle_consistency": 0.3847654408135487
}